{
  "k_sl_A": 1.1976405045938343,
  "k_tp_A": 2.8293509947460223,
  "k_sl_C": 1.7421520435952949,
  "k_tp_C": 2.287721016515368,
  "sim_gate": 0.8157078084852732,
  "delay_h": 28
}