{
  "k_sl_A": 1.6037767936190126,
  "k_tp_A": 2.311455756616992,
  "k_sl_C": 1.799213835269405,
  "k_tp_C": 3.1007953060067472,
  "sim_gate": 0.6937099924146123,
  "delay_h": 17
}